,Name,Position,Club,Nationality,Age,Height,Weight
0,Bernd Leno,Goalkeeper,Arsenal,Germany,27,190cm,83kg
1,Emiliano Martínez,Goalkeeper,Arsenal,Argentina,27,195cm,88kg
2,Matt Macey,Goalkeeper,Arsenal,England,25,198cm,81kg
3,Héctor Bellerín,Defender,Arsenal,Spain,24,178cm,74kg
4,Sokratis,Defender,Arsenal,Greece,31,186cm,85kg
5,Rob Holding,Defender,Arsenal,England,24,189cm,75kg
6,Shkodran Mustafi,Defender,Arsenal,Germany,27,184cm,82kg
7,Konstantinos Mavropanos,Defender,Arsenal,Greece,21,194cm,88kg
8,Sead Kolasinac,Defender,Arsenal,Bosnia And Herzegovina,26,183cm,85kg
9,Calum Chambers,Defender,Arsenal,England,24,182cm,66kg
10,Kieran Tierney,Defender,Arsenal,Scotland,22,178cm,70kg
11,David Luiz,Defender,Arsenal,Brazil,32,189cm,84kg
12,Tolaji Bola,Defender,Arsenal,England,20,188cm,78kg
13,Mesut Özil,Midfielder,Arsenal,Germany,31,180cm,76kg
14,Lucas Torreira,Midfielder,Arsenal,Uruguay,23,168cm,64kg
15,Ainsley Maitland-Niles,Midfielder,Arsenal,England,22,177cm,71kg
16,Matteo Guendouzi,Midfielder,Arsenal,France,20,185cm,64kg
17,Granit Xhaka,Midfielder,Arsenal,Switzerland,27,185cm,82kg
18,Joe Willock,Midfielder,Arsenal,England,20,179cm,71kg
19,Emile Smith Rowe,Midfielder,Arsenal,England,19,182cm,79kg
20,Gabriel Martinelli,Midfielder,Arsenal,Brazil,18,180cm,75kg
21,Dani Ceballos,Midfielder,Arsenal  (Loan),Spain,23,179cm,70kg
22,Robbie Burton,Midfielder,Arsenal,Wales,19,176cm,69kg
23,Alexandre Lacazette,Forward,Arsenal,France,28,175cm,73kg
24,Pierre-Emerick Aubameyang,Forward,Arsenal,Gabon,30,187cm,80kg
25,Reiss Nelson,Forward,Arsenal,England,19,175cm,71kg
26,Nicolas Pépé,Forward,Arsenal,Cote D'Ivoire,24,183cm,73kg
27,Bukayo Saka,Forward,Arsenal,England,18,178cm,65kg
28,Folarin Balogun,Forward,Arsenal,England,18,178cm,66kg
29,Ørjan Nyland,Goalkeeper,Aston Villa,Norway,29,192cm,90kg
30,Jed Steer,Goalkeeper,Aston Villa,England,27,183cm,80kg
31,Lovre Kalinic,Goalkeeper,Aston Villa,Croatia,29,201cm,96kg
32,Tom Heaton,Goalkeeper,Aston Villa,England,33,188cm,85kg
33,Neil Taylor,Defender,Aston Villa,Wales,30,176cm,64kg
34,James Chester,Defender,Aston Villa,Wales,30,180cm,75kg
35,Ahmed El Mohamady,Defender,Aston Villa,Egypt,32,183cm,75kg
36,Frederic Guilbert,Defender,Aston Villa,France,24,178cm,70kg
37,Matt Targett,Defender,Aston Villa,England,24,183cm,70kg
38,Kortney Hause,Defender,Aston Villa,England,24,191cm,77kg
39,Tyrone Mings,Defender,Aston Villa,England,26,196cm,77kg
40,Ezri Konsa Ngoyo,Defender,Aston Villa,England,22,183cm,77kg
41,Björn Engels,Defender,Aston Villa,Belgium,25,193cm,83kg
42,John McGinn,Midfielder,Aston Villa,Scotland,25,178cm,68kg
43,Henri Lansbury,Midfielder,Aston Villa,England,29,183cm,78kg
44,Jack Grealish,Midfielder,Aston Villa,England,24,175cm,68kg
45,Conor Hourihane,Midfielder,Aston Villa,Ireland,28,180cm,62kg
46,Keinan Davis,Midfielder,Aston Villa,England,21,191cm,68kg
47,Jota,Midfielder,Aston Villa,Spain,28,180cm,70kg
48,Anwar El Ghazi,Midfielder,Aston Villa,Netherlands,24,188cm,90kg
49,Trézéguet,Midfielder,Aston Villa,Egypt,25,180cm,71kg
50,Douglas Luiz,Midfielder,Aston Villa,Brazil,21,175cm,66kg
51,Marvelous Nakamba,Midfielder,Aston Villa,Zimbabwe,25,178cm,71kg
52,Jacob Ramsey,Midfielder,Aston Villa,England,18,,
53,Jonathan Kodjia,Forward,Aston Villa,Cote D'Ivoire,30,191cm,77kg
54,Wesley,Forward,Aston Villa,Brazil,23,191cm,93kg
55,Cameron Archer,Forward,Aston Villa,England,18,,
56,Artur Boruc,Goalkeeper,Bournemouth,Poland,39,193cm,87kg
57,Mark Travers,Goalkeeper,Bournemouth,Ireland,20,191cm,82kg
58,Aaron Ramsdale,Goalkeeper,Bournemouth,England,21,188cm,77kg
59,William Dennis,Goalkeeper,Bournemouth,England,19,,
60,Simon Francis,Defender,Bournemouth,England,34,183cm,90kg
61,Steve Cook,Defender,Bournemouth,England,28,185cm,82kg
62,Nathan Aké,Defender,Bournemouth,Netherlands,24,180cm,75kg
63,Charlie Daniels,Defender,Bournemouth,England,33,178cm,75kg
64,Adam Smith,Defender,Bournemouth,England,28,180cm,78kg
65,Diego Rico,Defender,Bournemouth,Spain,26,183cm,76kg
66,Jack Simpson,Defender,Bournemouth,England,22,178cm,83kg
67,Chris Mepham,Defender,Bournemouth,Wales,22,191cm,84kg
68,Lloyd Kelly,Defender,Bournemouth,England,21,178cm,70kg
69,Brad Smith,Defender,Bournemouth,Australia,25,178cm,70kg
70,Jack Stacey,Defender,Bournemouth,England,23,180cm,62kg
71,Corey Jordan,Defender,Bournemouth,England,20,185cm,80kg
72,Dan Gosling,Midfielder,Bournemouth,England,29,183cm,79kg
73,Andrew Surman,Midfielder,Bournemouth,England,33,178cm,73kg
74,Jefferson Lerma,Midfielder,Bournemouth,Colombia,25,179cm,70kg
75,Jordon Ibe,Midfielder,Bournemouth,England,23,176cm,81kg
76,Lewis Cook,Midfielder,Bournemouth,England,22,175cm,71kg
77,Junior Stanislas,Midfielder,Bournemouth,England,30,183cm,76kg
78,David Brooks,Midfielder,Bournemouth,Wales,22,173cm,62kg
79,Ryan Fraser,Midfielder,Bournemouth,Scotland,25,163cm,70kg
80,Matt Butcher,Midfielder,Bournemouth,England,22,178cm,83kg
81,Mihai-Alexandru Dobre,Midfielder,Bournemouth,Romania,21,178cm,71kg
82,Philip Billing,Midfielder,Bournemouth,Denmark,23,193cm,83kg
83,Harry Wilson,Midfielder,Bournemouth  (Loan),Wales,22,173cm,70kg
84,Gavin Kilkenny,Midfielder,Bournemouth,Ireland,19,,
85,Callum Wilson,Forward,Bournemouth,England,27,180cm,66kg
86,Joshua King,Forward,Bournemouth,Norway,27,180cm,74kg
87,Dominic Solanke,Forward,Bournemouth,England,22,187cm,80kg
88,Arnaut Danjuma Groeneveld,Forward,Bournemouth,Netherlands,22,178cm,74kg
89,Mat Ryan,Goalkeeper,Brighton,Australia,27,184cm,82kg
90,Jason Steele,Goalkeeper,Brighton,England,29,188cm,79kg
91,David Button,Goalkeeper,Brighton,England,30,191cm,87kg
92,Gaëtan Bong,Defender,Brighton,Cameroon,31,187cm,74kg
93,Shane Duffy,Defender,Brighton,Ireland,27,193cm,76kg
94,Lewis Dunk,Defender,Brighton,England,28,192cm,88kg
95,Leon Balogun,Defender,Brighton,Nigeria,31,190cm,88kg
96,Martín Montoya,Defender,Brighton,Spain,28,175cm,73kg
97,Bernardo,Defender,Brighton,Brazil,24,186cm,76kg
98,Dan Burn,Defender,Brighton,England,27,198cm,87kg
99,Ezequiel Schelotto,Defender,Brighton,Italy,30,187cm,77kg
100,Adam Webster,Defender,Brighton,England,24,191cm,75kg
101,Tudor Baluta,Defender,Brighton,Romania,20,191cm,
102,Warren O'Hora,Defender,Brighton,Ireland,20,,
103,Archie Davies,Defender,Brighton,England,21,,
104,Romaric Yapi,Defender,Brighton,France,19,,
105,Alex Cochrane,Defender,Brighton,England,19,,
106,Haydon Roberts,Defender,Brighton,England,17,,
107,Dale Stephens,Midfielder,Brighton,England,30,169cm,71kg
108,Yves Bissouma,Midfielder,Brighton,Mali,23,182cm,80kg
109,Pascal Groß,Midfielder,Brighton,Germany,28,181cm,78kg
110,Solly March,Midfielder,Brighton,England,25,180cm,88kg
111,Davy Pröpper,Midfielder,Brighton,Netherlands,28,185cm,79kg
112,Leandro Trossard,Midfielder,Brighton,Belgium,24,172cm,61kg
113,Aaron Mooy,Midfielder,Brighton  (Loan),Australia,29,174cm,68kg
114,Peter Gwargis,Midfielder,Brighton,Sweden,19,,
115,Taylor Richards,Midfielder,Brighton,England,18,,
116,Jack Spong,Midfielder,Brighton,England,17,,
117,Teddy Jenks,Midfielder,Brighton,England,17,,
118,Andrew Crofts,Midfielder,Brighton,Wales,35,175cm,73kg
119,Jordan Davies,Midfielder,Brighton,Wales,21,,
120,Ryan Longman,Midfielder,Brighton,England,19,,
121,Alireza Jahanbakhsh,Forward,Brighton,Iran,26,180cm,76kg
122,Glenn Murray,Forward,Brighton,England,36,183cm,80kg
123,José Izquierdo,Forward,Brighton,Colombia,27,171cm,73kg
124,Neal Maupay,Forward,Brighton,France,23,173cm,69kg
125,Aaron Connolly,Forward,Brighton,Ireland,19,,
126,Steven Alzate,Forward,Brighton,Colombia,21,180cm,75kg
127,Bojan Radulovic Samoukovic,Forward,Brighton,Serbia,19,191cm,79kg
128,Joe Hart,Goalkeeper,Burnley,England,32,196cm,91kg
129,Nick Pope,Goalkeeper,Burnley,England,27,191cm,76kg
130,Adam Legzdins,Goalkeeper,Burnley,England,32,190cm,78kg
131,Bailey Peacock-Farrell,Goalkeeper,Burnley,Northern Ireland,23,193cm,73kg
132,Matthew Lowton,Defender,Burnley,England,30,180cm,78kg
133,Charlie Taylor,Defender,Burnley,England,26,176cm,70kg
134,James Tarkowski,Defender,Burnley,England,27,185cm,81kg
135,Ben Mee,Defender,Burnley,England,30,180cm,74kg
136,Ben Gibson,Defender,Burnley,England,26,185cm,78kg
137,Phil Bardsley,Defender,Burnley,Scotland,34,180cm,74kg
138,Kevin Long,Defender,Burnley,Ireland,29,188cm,83kg
139,Joel Senior,Defender,Burnley,England,,,
140,Erik Pieters,Defender,Burnley,Netherlands,31,183cm,84kg
141,Jack Cork,Midfielder,Burnley,England,30,183cm,70kg
142,Johann Gudmundsson,Midfielder,Burnley,Iceland,29,186cm,78kg
143,Robbie Brady,Midfielder,Burnley,Ireland,27,176cm,71kg
144,Jeff Hendrick,Midfielder,Burnley,Ireland,27,185cm,79kg
145,Ashley Westwood,Midfielder,Burnley,England,29,175cm,80kg
146,Aaron Lennon,Midfielder,Burnley,England,32,165cm,63kg
147,Dwight McNeil,Midfielder,Burnley,England,20,183cm,68kg
148,Daniel Drinkwater,Midfielder,Burnley  (Loan),England,29,178cm,79kg
149,Lewis Richardson,Midfielder,Burnley,England,16,,
150,Ashley Barnes,Forward,Burnley,Austria,30,186cm,77kg
151,Chris Wood,Forward,Burnley,New Zealand,27,191cm,81kg
152,Matej Vydra,Forward,Burnley,Czech Republic,27,180cm,71kg
153,Jay Rodriguez,Forward,Burnley,England,30,185cm,84kg
154,Kepa Arrizabalaga,Goalkeeper,Chelsea,Spain,25,189cm,84kg
155,Willy Caballero,Goalkeeper,Chelsea,Argentina,38,186cm,81kg
156,Jamie Cumming,Goalkeeper,Chelsea,England,20,186cm,79kg
157,Antonio Rüdiger,Defender,Chelsea,Germany,26,190cm,85kg
158,Marcos Alonso,Defender,Chelsea,Spain,28,188cm,84kg
159,Andreas Christensen,Defender,Chelsea,Denmark,23,188cm,78kg
160,César Azpilicueta,Defender,Chelsea,Spain,30,178cm,76kg
161,Emerson,Defender,Chelsea,Italy,25,176cm,63kg
162,Reece James,Defender,Chelsea,England,19,182cm,82kg
163,Kurt Zouma,Defender,Everton  (Loan),France,25,190cm,96kg
164,Fikayo Tomori,Defender,Chelsea,England,21,185cm,75kg
165,Marc Guehi,Defender,Chelsea,England,19,182cm,82kg
166,Ian Maatsen,Defender,Chelsea,Netherlands,17,167cm,57kg
167,Tariq Lamptey,Defender,Chelsea,England,19,,
168,Jorginho,Midfielder,Chelsea,Italy,27,180cm,65kg
169,N'Golo Kanté,Midfielder,Chelsea,France,28,168cm,68kg
170,Ross Barkley,Midfielder,Chelsea,England,25,189cm,76kg
171,Ruben Loftus-Cheek,Midfielder,Chelsea,England,23,191cm,88kg
172,Christian Pulisic,Midfielder,Chelsea,United States,21,172cm,69kg
173,Mateo Kovacic,Midfielder,Chelsea,Croatia,25,178cm,78kg
174,Mason Mount,Midfielder,Chelsea,England,20,178cm,70kg
175,Billy Gilmour,Midfielder,Chelsea,Scotland,18,166cm,60kg
176,Faustino Anjorin,Midfielder,Chelsea,England,18,185cm,73kg
177,Pedro,Forward,Chelsea,Spain,32,169cm,65kg
178,Olivier Giroud,Forward,Chelsea,France,33,192cm,93kg
179,Callum Hudson-Odoi,Forward,Chelsea,England,19,182cm,76kg
180,Willian,Forward,Chelsea,Brazil,31,175cm,77kg
181,Tammy Abraham,Forward,Aston Villa  (Loan),England,22,190cm,80kg
182,Isaiah Brown,Midfielder,Chelsea,England,22,182cm,70kg
183,Michy Batshuayi,Forward,Crystal Palace  (Loan),Belgium,26,184cm,74kg
184,Wayne Hennessey,Goalkeeper,Crystal Palace,Wales,32,198cm,90kg
185,Vicente Guaita,Goalkeeper,Crystal Palace,Spain,32,190cm,81kg
186,Stephen Henderson,Goalkeeper,Crystal Palace  (Loan),Ireland,31,193cm,87kg
187,Joel Ward,Defender,Crystal Palace,England,30,188cm,83kg
188,Patrick van Aanholt,Defender,Crystal Palace,Netherlands,29,176cm,74kg
189,James Tomkins,Defender,Crystal Palace,England,30,192cm,74kg
190,Mamadou Sakho,Defender,Crystal Palace,France,29,187cm,83kg
191,Jeffrey Schlupp,Defender,Crystal Palace,Ghana,26,178cm,72kg
192,Martin Kelly,Defender,Crystal Palace,England,29,191cm,77kg
193,Jairo Riedewald,Defender,Crystal Palace,Netherlands,23,182cm,79kg
194,Nikola Tavares,Defender,Crystal Palace,England,20,,
195,Sam Woods,Defender,Crystal Palace,England,21,,
196,Scott Dann,Defender,Crystal Palace,England,32,188cm,76kg
197,Gary Cahill,Defender,Crystal Palace,England,33,193cm,86kg
198,Luka Milivojevic,Midfielder,Crystal Palace,Serbia,28,186cm,80kg
199,Max Meyer,Midfielder,Crystal Palace,Germany,24,173cm,67kg
200,Cheikhou Kouyaté,Midfielder,Crystal Palace,Senegal,29,189cm,83kg
201,Andros Townsend,Midfielder,Crystal Palace,England,28,181cm,77kg
202,James McArthur,Midfielder,Crystal Palace,Scotland,32,178cm,75kg
203,Víctor Camarasa,Midfielder,Crystal Palace  (Loan),Spain,25,183cm,76kg
204,James McCarthy,Midfielder,Crystal Palace,Ireland,29,180cm,72kg
205,Nya Kirby,Midfielder,Crystal Palace,England,19,174cm,
206,Wilfried Zaha,Forward,Crystal Palace,Cote D'Ivoire,27,180cm,66kg
207,Christian Benteke,Forward,Crystal Palace,Belgium,28,190cm,83kg
208,Connor Wickham,Forward,Crystal Palace,England,26,191cm,90kg
209,Jordan Ayew,Forward,Crystal Palace,Ghana,28,182cm,80kg
210,Jordan Pickford,Goalkeeper,Everton,England,25,185cm,77kg
211,Maarten Stekelenburg,Goalkeeper,Everton,Netherlands,37,197cm,92kg
212,Jonas Lössl,Goalkeeper,Everton,Denmark,30,195cm,89kg
213,Leighton Baines,Defender,Everton,England,34,170cm,74kg
214,Michael Keane,Defender,Everton,England,26,191cm,82kg
215,Lucas Digne,Defender,Everton,France,26,178cm,74kg
216,Yerry Mina,Defender,Everton,Colombia,25,195cm,94kg
217,Séamus Coleman,Defender,Everton,Ireland,31,177cm,67kg
218,Mason Holgate,Defender,Everton,England,23,184cm,63kg
219,Cuco Martina,Defender,Everton,Curacao,30,185cm,77kg
220,Djibril Sidibé,Defender,Everton  (Loan),France,27,182cm,71kg
221,Gylfi Sigurdsson,Midfielder,Everton,Iceland,30,186cm,79kg
222,Morgan Schneiderlin,Midfielder,Everton,France,30,181cm,75kg
223,Tom Davies,Midfielder,Everton,England,21,180cm,70kg
224,André Gomes,Midfielder,Everton,Portugal,26,188cm,84kg
225,Fabian Delph,Midfielder,Everton,England,30,174cm,60kg
226,Jean-Philippe Gbamin,Midfielder,Everton,Cote D'Ivoire,24,186cm,83kg
227,Beni Baningime,Midfielder,Everton,The Democratic Republic Of Congo,21,178cm,70kg
228,Bernard,Forward,Everton,Brazil,27,166cm,57kg
229,Theo Walcott,Forward,Everton,England,30,176cm,68kg
230,Cenk Tosun,Forward,Everton,Turkey,28,183cm,78kg
231,Dominic Calvert-Lewin,Forward,Everton,England,22,176cm,71kg
232,Richarlison,Forward,Everton,Brazil,22,179cm,71kg
233,Oumar Niasse,Forward,Everton,Senegal,29,182cm,75kg
234,Moise Kean,Forward,Everton,Italy,19,183cm,67kg
235,Alex Iwobi,Forward,Everton,Nigeria,23,180cm,75kg
236,Anthony Gordon,Forward,Everton,England,18,,
237,Kasper Schmeichel,Goalkeeper,Leicester,Denmark,33,189cm,89kg
238,Danny Ward,Goalkeeper,Leicester,Wales,26,191cm,88kg
239,Eldin Jakupovic,Goalkeeper,Leicester,Switzerland,35,191cm,85kg
240,Ben Chilwell,Defender,Leicester,England,22,178cm,77kg
241,Çaglar Söyüncü,Defender,Leicester,Turkey,23,185cm,82kg
242,Wes Morgan,Defender,Leicester,Jamaica,35,186cm,101kg
243,Jonny Evans,Defender,Leicester,Northern Ireland,31,188cm,77kg
244,Ricardo Pereira,Defender,Leicester,Portugal,26,175cm,70kg
245,Christian Fuchs,Defender,Leicester,Austria,33,187cm,89kg
246,Daniel Amartey,Midfielder,Leicester,Ghana,24,186cm,79kg
247,James Justin,Defender,Leicester,England,21,183cm,80kg
248,Filip Benkovic,Defender,Leicester,Croatia,22,194cm,80kg
249,Demarai Gray,Midfielder,Leicester,England,23,180cm,74kg
250,James Maddison,Midfielder,Leicester,England,23,175cm,73kg
251,Marc Albrighton,Midfielder,Leicester,England,30,175cm,74kg
252,Harvey Barnes,Midfielder,Leicester,England,21,174cm,66kg
253,Matty James,Midfielder,Leicester,England,28,181cm,86kg
254,Nampalys Mendy,Midfielder,Leicester,France,27,167cm,73kg
255,Wilfred Ndidi,Midfielder,Leicester,Nigeria,22,183cm,74kg
256,Hamza Choudhury,Midfielder,Leicester,England,22,178cm,64kg
257,Youri Tielemans,Midfielder,Leicester,Belgium,22,176cm,72kg
258,Dennis Praet,Midfielder,Leicester,Belgium,25,181cm,78kg
259,Kelechi Iheanacho,Forward,Leicester,Nigeria,23,185cm,82kg
260,Jamie Vardy,Forward,Leicester,England,32,179cm,74kg
261,Ayoze Pérez,Forward,Leicester,Spain,26,178cm,72kg
262,Alisson,Goalkeeper,Liverpool,Brazil,27,191cm,91kg
263,Caoimhin Kelleher,Goalkeeper,Liverpool,Ireland,21,178cm,74kg
264,Andy Lonergan,Goalkeeper,Liverpool,England,36,192cm,87kg
265,Adrián,Goalkeeper,Liverpool,Spain,32,190cm,80kg
266,Virgil van Dijk,Defender,Liverpool,Netherlands,28,193cm,92kg
267,Dejan Lovren,Defender,Liverpool,Croatia,30,188cm,84kg
268,Joseph Gomez,Defender,Liverpool,England,22,188cm,77kg
269,Andrew Robertson,Defender,Liverpool,Scotland,25,178cm,64kg
270,Joel Matip,Defender,Liverpool,Cameroon,28,195cm,90kg
271,Ki-Jana Hoever,Defender,Liverpool,Netherlands,17,180cm,65kg
272,Trent Alexander-Arnold,Defender,Liverpool,England,21,175cm,69kg
273,Sepp van den Berg,Defender,Liverpool,Netherlands,17,189cm,74kg
274,Nathaniel Clyne,Defender,Bournemouth  (Loan),England,28,175cm,67kg
275,Yasser Larouci,Defender,Liverpool,France,18,176cm,68kg
276,Neco Williams,Defender,Liverpool,Wales,18,,
277,Billy Koumetio,Defender,Liverpool,France,17,,
278,Fabinho,Midfielder,Liverpool,Brazil,26,188cm,78kg
279,Georginio Wijnaldum,Midfielder,Liverpool,Netherlands,29,175cm,69kg
280,James Milner,Midfielder,Liverpool,England,33,175cm,70kg
281,Naby Keita,Midfielder,Liverpool,Guinea,24,172cm,64kg
282,Jordan Henderson,Midfielder,Liverpool,England,29,182cm,67kg
283,Adam Lallana,Midfielder,Liverpool,England,31,172cm,73kg
284,Alex Oxlade-Chamberlain,Midfielder,Liverpool,England,26,180cm,70kg
285,Curtis Jones,Midfielder,Liverpool,England,18,185cm,75kg
286,Allan Souza,Midfielder,Liverpool,Brazil,22,172cm,70kg
287,Harvey Elliott,Midfielder,Liverpool,England,16,170cm,
288,Pedro Chirivella,Midfielder,Liverpool,Spain,22,178cm,66kg
289,Adam Lewis,Midfielder,Liverpool,England,20,175cm,70kg
290,Herbie Kane,Midfielder,Liverpool,England,21,177cm,73kg
291,Luis Longstaff,Midfielder,Liverpool,England,18,168cm,60kg
292,Leighton Clarkson,Midfielder,Liverpool,England,18,175cm,62kg
293,Roberto Firmino,Forward,Liverpool,Brazil,28,181cm,76kg
294,Sadio Mané,Forward,Liverpool,Senegal,27,175cm,69kg
295,Mohamed Salah,Forward,Liverpool,Egypt,27,175cm,71kg
296,Xherdan Shaqiri,Forward,Liverpool,Switzerland,28,169cm,72kg
297,Rhian Brewster,Forward,Liverpool,England,19,180cm,75kg
298,Divock Origi,Forward,Liverpool,Belgium,24,185cm,75kg
299,Claudio Bravo,Goalkeeper,Man City,Chile,36,184cm,80kg
300,Ederson,Goalkeeper,Man City,Brazil,26,188cm,86kg
301,Daniel Grimshaw,Goalkeeper,Man City,England,21,185cm,77kg
302,Scott Carson,Goalkeeper,Man City  (Loan),England,34,190cm,76kg
303,Kyle Walker,Defender,Man City,England,29,178cm,70kg
304,John Stones,Defender,Man City,England,25,188cm,70kg
305,Aymeric Laporte,Defender,Man City,France,25,191cm,86kg
306,Benjamin Mendy,Defender,Man City,France,25,185cm,85kg
307,Nicolás Otamendi,Defender,Man City,Argentina,31,183cm,81kg
308,Oleksandr Zinchenko,Defender,Man City,Ukraine,22,175cm,64kg
309,Angeliño,Defender,Man City,Spain,22,175cm,69kg
310,João Cancelo,Defender,Man City,Portugal,25,182cm,74kg
311,Eric García,Defender,Man City,Spain,18,182cm,
312,Taylor Harwood-Bellis,Defender,Man City,England,17,,
313,Alpha Richard Dionkou,Defender,Man City,Senegal,18,183cm,70kg
314,Ilkay Gündogan,Midfielder,Man City,Germany,29,180cm,80kg
315,Kevin De Bruyne,Midfielder,Man City,Belgium,28,181cm,68kg
316,Bernardo Silva,Midfielder,Man City,Portugal,25,173cm,64kg
317,David Silva,Midfielder,Man City,Spain,33,173cm,67kg
318,Fernandinho,Midfielder,Man City,Brazil,34,179cm,67kg
319,Phil Foden,Forward,Man City,England,19,171cm,70kg
320,Rodrigo,Midfielder,Man City,Spain,23,191cm,82kg
321,Adrián Bernabé,Midfielder,Man City,Spain,18,,
322,Tommy Doyle,Midfielder,Man City,England,18,,
323,Riyad Mahrez,Forward,Man City,Algeria,28,179cm,67kg
324,Raheem Sterling,Forward,Man City,England,24,170cm,69kg
325,Sergio Agüero,Forward,Man City,Argentina,31,173cm,70kg
326,Leroy Sané,Forward,Man City,Germany,23,183cm,75kg
327,Gabriel Jesus,Forward,Man City,Brazil,22,175cm,73kg
328,Ian Carlo Poveda-Ocampo,Forward,Man City,England,19,,
329,David de Gea,Goalkeeper,Man Utd,Spain,29,192cm,76kg
330,Lee Grant,Goalkeeper,Man Utd,England,36,193cm,83kg
331,Sergio Romero,Goalkeeper,Man Utd,Argentina,32,192cm,87kg
332,Victor Lindelöf,Defender,Man Utd,Sweden,25,187cm,80kg
333,Eric Bailly,Defender,Man Utd,Cote D'Ivoire,25,187cm,77kg
334,Phil Jones,Defender,Man Utd,England,27,180cm,71kg
335,Marcos Rojo,Defender,Man Utd,Argentina,29,187cm,85kg
336,Ashley Young,Defender,Man Utd,England,34,175cm,65kg
337,Diogo Dalot,Defender,Man Utd,Portugal,20,183cm,76kg
338,Luke Shaw,Defender,Man Utd,England,24,185cm,75kg
339,Aaron Wan-Bissaka,Defender,Man Utd,England,22,183cm,72kg
340,Timothy Fosu-Mensah,Defender,Man Utd,Netherlands,21,190cm,78kg
341,Axel Tuanzebe,Defender,Aston Villa  (Loan),England,22,182cm,75kg
342,Harry Maguire,Defender,Man Utd,England,26,194cm,100kg
343,Brandon Williams,Defender,Man Utd,England,19,171cm,63kg
344,Paul Pogba,Midfielder,Man Utd,France,26,191cm,84kg
345,Juan Mata,Midfielder,Man Utd,Spain,31,170cm,63kg
346,Jesse Lingard,Midfielder,Man Utd,England,26,175cm,62kg
347,Andreas Pereira,Midfielder,Man Utd,Brazil,23,178cm,71kg
348,Fred,Midfielder,Man Utd,Brazil,26,169cm,64kg
349,Nemanja Matic,Midfielder,Man Utd,Serbia,31,194cm,85kg
350,Scott McTominay,Midfielder,Man Utd,Scotland,22,193cm,88kg
351,Daniel James,Midfielder,Man Utd,Wales,22,170cm,76kg
352,Angel Gomes,Midfielder,Man Utd,England,19,161cm,61kg
353,James Garner,Midfielder,Man Utd,England,18,,
354,Tahith Chong,Forward,Man Utd,Netherlands,19,185cm,75kg
355,Marcus Rashford,Forward,Man Utd,England,22,180cm,70kg
356,Anthony Martial,Forward,Man Utd,France,23,181cm,76kg
357,Mason Greenwood,Forward,Man Utd,England,18,181cm,70kg
358,Robert Elliot,Goalkeeper,Newcastle,Ireland,33,190cm,94kg
359,Martin Dubravka,Goalkeeper,Newcastle,Slovakia,30,190cm,80kg
360,Karl Darlow,Goalkeeper,Newcastle,England,29,190cm,88kg
361,Ciaran Clark,Defender,Newcastle,Ireland,30,185cm,88kg
362,Paul Dummett,Defender,Newcastle,Wales,28,183cm,82kg
363,Fabian Schär,Defender,Newcastle,Switzerland,27,188cm,84kg
364,Jamaal Lascelles,Defender,Newcastle,England,26,188cm,89kg
365,Federico Fernández,Defender,Newcastle,Argentina,30,190cm,83kg
366,Javier Manquillo,Defender,Newcastle,Spain,25,178cm,76kg
367,Florian Lejeune,Defender,Newcastle,France,28,189cm,89kg
368,DeAndre Yedlin,Defender,Newcastle,United States,26,172cm,75kg
369,Jetro Willems,Defender,Newcastle  (Loan),Netherlands,25,177cm,65kg
370,Emil Krafth,Defender,Newcastle,Sweden,25,184cm,83kg
371,Ki Sung-yueng,Midfielder,Newcastle,South Korea,30,189cm,75kg
372,Jonjo Shelvey,Midfielder,Newcastle,England,27,184cm,80kg
373,Matt Ritchie,Midfielder,Newcastle,Scotland,30,172cm,76kg
374,Isaac Hayden,Midfielder,Newcastle,England,24,185cm,79kg
375,Miguel Almirón,Midfielder,Newcastle,Paraguay,25,174cm,70kg
376,Christian Atsu,Midfielder,Newcastle,Ghana,27,165cm,65kg
377,Sean Longstaff,Midfielder,Newcastle,England,22,180cm,65kg
378,Matthew Longstaff,Midfielder,Newcastle,England,19,,
379,Yoshinori Muto,Forward,Newcastle,Japan,27,178cm,72kg
380,Joelinton,Forward,Newcastle,Brazil,23,186cm,81kg
381,Allan Saint-Maximin,Forward,Newcastle,France,22,173cm,67kg
382,Dwight Gayle,Forward,Newcastle,England,29,174cm,78kg
383,Andy Carroll,Forward,Newcastle,England,30,193cm,79kg
384,Tim Krul,Goalkeeper,Norwich,Netherlands,31,188cm,84kg
385,Michael McGovern,Goalkeeper,Norwich,Northern Ireland,35,191cm,89kg
386,Ralf Fährmann,Goalkeeper,Norwich  (Loan),Germany,31,197cm,98kg
387,Archie Mair,Goalkeeper,Norwich,Scotland,18,198cm,
388,Christoph Zimmermann,Defender,Norwich,Germany,26,194cm,92kg
389,Jamal Lewis,Defender,Norwich,Northern Ireland,21,178cm,70kg
390,Timm Klose,Defender,Norwich,Switzerland,31,193cm,87kg
391,Philip Heise,Defender,Norwich,Germany,28,184cm,78kg
392,Grant Hanley,Defender,Norwich,Scotland,28,187cm,81kg
393,Max Aarons,Defender,Norwich,England,19,178cm,69kg
394,Sam Byram,Defender,Norwich,England,26,180cm,72kg
395,Akin Famewo,Defender,Norwich,England,21,187cm,66kg
396,Ben Godfrey,Midfielder,Norwich,England,21,183cm,74kg
397,Mario Vrancic,Midfielder,Norwich,Bosnia And Herzegovina,30,187cm,78kg
398,Moritz Leitner,Midfielder,Norwich,Germany,26,174cm,69kg
399,Emiliano Buendía,Midfielder,Norwich,Argentina,22,172cm,72kg
400,Marco Stiepermann,Midfielder,Norwich,Germany,28,190cm,86kg
401,Tom Trybull,Midfielder,Norwich,Germany,26,181cm,72kg
402,Kenny McLean,Midfielder,Norwich,Scotland,27,183cm,70kg
403,Onel Hernández,Midfielder,Norwich,Cuba,26,172cm,76kg
404,Alexander Tettey,Midfielder,Norwich,Norway,33,180cm,76kg
405,Todd Cantwell,Midfielder,Norwich,England,21,177cm,70kg
406,Patrick Roberts,Midfielder,Norwich  (Loan),England,22,168cm,58kg
407,Ibrahim Amadou,Midfielder,Norwich  (Loan),Cameroon,26,183cm,81kg
408,Louis Thompson,Midfielder,Norwich  (Loan),Wales,24,180cm,75kg
409,Teemu Pukki,Forward,Norwich,Finland,29,180cm,80kg
410,Dennis Srbeny,Forward,Norwich,Germany,25,190cm,83kg
411,Josip Drmic,Forward,Norwich,Switzerland,27,183cm,81kg
412,Adam Idah,Forward,Norwich,Ireland,18,190cm,83kg
413,Simon Moore,Goalkeeper,Sheffield Utd,England,29,191cm,83kg
414,Dean Henderson,Goalkeeper,Sheffield Utd  (Loan),England,22,188cm,85kg
415,Michael Verrips,Goalkeeper,Sheffield Utd,Netherlands,22,195cm,93kg
416,George Baldock,Defender,Sheffield Utd,England,26,178cm,71kg
417,Enda Stevens,Defender,Sheffield Utd,Ireland,29,183cm,78kg
418,Jack O'Connell,Defender,Sheffield Utd,England,25,190cm,85kg
419,Chris Basham,Defender,Sheffield Utd,England,31,190cm,80kg
420,John Egan,Defender,Sheffield Utd,Ireland,27,185cm,75kg
421,Kieron Freeman,Defender,Sheffield Utd,Wales,27,178cm,79kg
422,Richard Stearman,Defender,Sheffield Utd,England,32,191cm,73kg
423,Kean Bryan,Defender,Sheffield Utd,England,23,185cm,72kg
424,Phil Jagielka,Defender,Sheffield Utd,England,37,180cm,87kg
425,John Lundstram,Midfielder,Sheffield Utd,England,25,181cm,74kg
426,John Fleck,Midfielder,Sheffield Utd,Scotland,28,170cm,72kg
427,Oliver Norwood,Midfielder,Sheffield Utd,Northern Ireland,28,180cm,75kg
428,Luke Freeman,Midfielder,Sheffield Utd,England,27,181cm,64kg
429,Ravel Morrison,Midfielder,Sheffield Utd,England,26,175cm,71kg
430,Ben Osborn,Midfielder,Sheffield Utd,England,25,176cm,75kg
431,Muhamed Besic,Midfielder,Sheffield Utd  (Loan),Bosnia And Herzegovina,27,180cm,80kg
432,Billy Sharp,Forward,Sheffield Utd,England,33,175cm,70kg
433,David McGoldrick,Forward,Sheffield Utd,Ireland,31,183cm,74kg
434,Callum Robinson,Forward,Sheffield Utd,Ireland,24,178cm,75kg
435,Lys Mousset,Forward,Sheffield Utd,France,23,184cm,80kg
436,Oliver McBurnie,Forward,Sheffield Utd,Scotland,23,188cm,79kg
437,Leon Clarke,Forward,Sheffield Utd,England,34,188cm,95kg
438,Alex McCarthy,Goalkeeper,Southampton,England,29,193cm,79kg
439,Angus Gunn,Goalkeeper,Southampton,England,23,196cm,77kg
440,Harry Lewis,Goalkeeper,Southampton,England,21,191cm,77kg
441,Maya Yoshida,Defender,Southampton,Japan,31,189cm,78kg
442,Jannik Vestergaard,Defender,Southampton,Denmark,27,199cm,96kg
443,Jack Stephens,Defender,Southampton,England,25,185cm,75kg
444,Ryan Bertrand,Defender,Southampton,England,30,179cm,85kg
445,Jan Bednarek,Defender,Southampton,Poland,23,189cm,77kg
446,Yan Valery,Defender,Southampton,France,20,180cm,85kg
447,Kayne Ramsay,Defender,Southampton,England,19,,
448,Cédric Soares,Defender,Southampton,Portugal,28,172cm,67kg
449,Jake Vokins,Defender,Southampton,England,19,,
450,Kevin Danso,Defender,Southampton  (Loan),Austria,21,190cm,87kg
451,Sam McQueen,Defender,Southampton,England,24,180cm,70kg
452,Oriol Romeu,Midfielder,Southampton,Spain,28,183cm,83kg
453,James Ward-Prowse,Midfielder,Southampton,England,25,173cm,66kg
454,Stuart Armstrong,Midfielder,Southampton,Scotland,27,183cm,75kg
455,Nathan Redmond,Midfielder,Southampton,England,25,173cm,69kg
456,Pierre-Emile Højbjerg,Midfielder,Southampton,Denmark,24,185cm,84kg
457,Callum Slattery,Midfielder,Southampton,England,20,175cm,
458,Moussa Djenepo,Midfielder,Southampton,Mali,21,177cm,65kg
459,Sofiane Boufal,Midfielder,Southampton,Morocco,26,170cm,60kg
460,William Smallbone,Midfielder,Southampton,Ireland,19,,
461,Shane Long,Forward,Southampton,Ireland,32,178cm,81kg
462,Michael Obafemi,Forward,Southampton,Ireland,19,169cm,71kg
463,Che Adams,Midfielder,Southampton,England,23,175cm,70kg
464,Danny Ings,Forward,Southampton,England,27,178cm,73kg
465,Daniel N'Lundulu,Forward,Southampton,England,20,,
466,Hugo Lloris,Goalkeeper,Spurs,France,32,188cm,82kg
467,Paulo Gazzaniga,Goalkeeper,Spurs,Argentina,27,196cm,90kg
468,Alfie Whiteman,Goalkeeper,Spurs,England,21,189cm,84kg
469,Michel Vorm,Goalkeeper,Spurs,Netherlands,36,183cm,84kg
470,Brandon Austin,Goalkeeper,Spurs,England,20,188cm,82kg
471,Danny Rose,Defender,Spurs,England,29,173cm,72kg
472,Toby Alderweireld,Defender,Spurs,Belgium,30,187cm,90kg
473,Jan Vertonghen,Defender,Spurs,Belgium,32,189cm,87kg
474,Davinson Sánchez,Defender,Spurs,Colombia,23,187cm,81kg
475,Kyle Walker-Peters,Defender,Spurs,England,22,173cm,62kg
476,Juan Foyth,Defender,Spurs,Argentina,21,179cm,69kg
477,Serge Aurier,Defender,Spurs,Cote D'Ivoire,26,176cm,76kg
478,Ben Davies,Defender,Spurs,Wales,26,181cm,76kg
479,Japhet Tanganga,Defender,Spurs,England,20,184cm,76kg
480,Harry Winks,Midfielder,Spurs,England,23,178cm,65kg
481,Erik Lamela,Midfielder,Spurs,Argentina,27,181cm,79kg
482,Victor Wanyama,Midfielder,Spurs,Kenya,28,188cm,80kg
483,Eric Dier,Midfielder,Spurs,England,25,188cm,88kg
484,Moussa Sissoko,Midfielder,Spurs,France,30,187cm,83kg
485,Dele Alli,Midfielder,Spurs,England,23,188cm,76kg
486,Christian Eriksen,Midfielder,Spurs,Denmark,27,182cm,76kg
487,Lucas Moura,Midfielder,Spurs,Brazil,27,172cm,72kg
488,Tanguy Ndombele,Midfielder,Spurs,France,22,181cm,76kg
489,Oliver Skipp,Midfielder,Spurs,England,19,175cm,70kg
490,Giovani Lo Celso,Midfielder,Spurs  (Loan),Argentina,23,177cm,68kg
491,Ryan Sessegnon,Midfielder,Spurs,England,19,178cm,70kg
492,Son Heung-Min,Forward,Spurs,South Korea,27,183cm,78kg
493,Harry Kane,Forward,Spurs,England,26,188cm,86kg
494,Troy Parrott,Forward,Spurs,Ireland,17,185cm,73kg
495,Ben Foster,Goalkeeper,Watford,England,36,193cm,79kg
496,Pontus Dahlberg,Goalkeeper,Watford,Sweden,20,194cm,84kg
497,Daniel Bachmann,Goalkeeper,Watford,Austria,25,191cm,81kg
498,Heurelho Gomes,Goalkeeper,Watford,Brazil,38,191cm,91kg
499,Daryl Janmaat,Defender,Watford,Netherlands,30,185cm,80kg
500,Sebastian Prödl,Defender,Watford,Austria,32,194cm,92kg
501,Adrian Mariappa,Defender,Watford,Jamaica,33,180cm,78kg
502,Adam Masina,Defender,Watford,Italy,25,189cm,78kg
503,Craig Cathcart,Defender,Watford,Northern Ireland,30,188cm,73kg
504,Kiko Femenía,Defender,Watford,Spain,28,176cm,61kg
505,José Holebas,Defender,Watford,Greece,35,184cm,77kg
506,Christian Kabasele,Defender,Watford,Belgium,28,187cm,84kg
507,Craig Dawson,Defender,Watford,England,29,188cm,82kg
508,Dimitri Foulquier,Defender,Watford,Guadeloupe,26,183cm,72kg
509,Marvin Zeegelaar,Defender,Watford,Netherlands,29,186cm,84kg
510,Tom Cleverley,Midfielder,Watford,England,30,175cm,67kg
511,Nathaniel Chalobah,Midfielder,Watford,England,24,187cm,80kg
512,Abdoulaye Doucouré,Midfielder,Watford,France,26,184cm,75kg
513,Will Hughes,Midfielder,Watford,England,24,185cm,74kg
514,Domingos Quina,Midfielder,Watford,Portugal,20,179cm,72kg
515,Etienne Capoue,Midfielder,Watford,France,31,189cm,80kg
516,Roberto Pereyra,Midfielder,Watford,Argentina,28,182cm,77kg
517,Tom Dele-Bashiru,Midfielder,Watford,Nigeria,20,183cm,68kg
518,Gerard Deulofeu,Forward,Watford,Spain,25,177cm,73kg
519,Troy Deeney,Forward,Watford,England,31,183cm,90kg
520,Isaac Success,Forward,Watford,Nigeria,23,186cm,86kg
521,Andre Gray,Forward,Watford,England,28,178cm,83kg
522,Danny Welbeck,Forward,Watford,England,29,185cm,73kg
523,Ismaila Sarr,Forward,Watford,Senegal,21,185cm,76kg
524,Sam Dalby,Forward,Watford,England,19,,
525,Lukasz Fabianski,Goalkeeper,West Ham,Poland,34,190cm,83kg
526,Roberto Jiménez,Goalkeeper,West Ham,Spain,33,192cm,94kg
527,David Martin,Goalkeeper,West Ham,England,33,185cm,85kg
528,Winston Reid,Defender,West Ham,New Zealand,31,190cm,87kg
529,Aaron Cresswell,Defender,West Ham,England,29,170cm,66kg
530,Fabián Balbuena,Defender,West Ham,Paraguay,28,188cm,82kg
531,Pablo Zabaleta,Defender,West Ham,Argentina,34,176cm,74kg
532,Angelo Ogbonna,Defender,West Ham,Italy,31,191cm,86kg
533,Issa Diop,Defender,West Ham,France,22,194cm,92kg
534,Ryan Fredericks,Defender,West Ham,England,27,181cm,74kg
535,Arthur Masuaku,Defender,West Ham,The Democratic Republic Of Congo,26,179cm,70kg
536,Gonçalo Cardoso,Defender,West Ham,Portugal,19,189cm,83kg
537,Felipe Anderson,Midfielder,West Ham,Brazil,26,175cm,70kg
538,Manuel Lanzini,Midfielder,West Ham,Argentina,26,167cm,59kg
539,Robert Snodgrass,Midfielder,West Ham,Scotland,32,182cm,82kg
540,Carlos Sánchez,Midfielder,West Ham,Colombia,33,182cm,80kg
541,Mark Noble,Midfielder,West Ham,England,32,180cm,70kg
542,Jack Wilshere,Midfielder,West Ham,England,27,172cm,68kg
543,Michail Antonio,Midfielder,West Ham,England,29,180cm,82kg
544,Declan Rice,Defender,West Ham,England,20,185cm,76kg
545,Pablo Fornals,Midfielder,West Ham,Spain,23,178cm,67kg
546,Ben Johnson,Midfielder,West Ham,England,19,175cm,67kg
547,Conor Coventry,Midfielder,West Ham,Ireland,19,,
548,Nathan Holland,Midfielder,West Ham,England,21,178cm,70kg
549,Andriy Yarmolenko,Forward,West Ham,Ukraine,30,189cm,81kg
550,Xande Silva,Forward,West Ham,Portugal,22,177cm,69kg
551,Sébastien Haller,Forward,West Ham,France,25,190cm,82kg
552,Albian Ajeti,Forward,West Ham,Switzerland,22,183cm,78kg
553,Rui Patrício,Goalkeeper,Wolves,Portugal,31,190cm,84kg
554,John Ruddy,Goalkeeper,Wolves,England,33,193cm,97kg
555,Andreas Söndergaard,Goalkeeper,Wolves,Denmark,18,,
556,Matt Doherty,Defender,Wolves,Ireland,27,182cm,80kg
557,Ryan Bennett,Defender,Wolves,England,29,188cm,70kg
558,Willy Boly,Defender,Wolves,Cote D'Ivoire,28,195cm,92kg
559,Conor Coady,Midfielder,Wolves,England,26,185cm,73kg
560,Jonny,Defender,Wolves,Spain,25,175cm,70kg
561,Rúben Vinagre,Defender,Wolves,Portugal,20,174cm,64kg
562,Max Kilman,Defender,Wolves,England,22,,
563,Jesús Vallejo,Defender,Wolves  (Loan),Spain,22,184cm,79kg
564,Dion Sanderson,Defender,Wolves,England,19,,
565,Oskar Buur,Defender,Wolves,Denmark,21,178cm,65kg
566,Flávio Cristóvão,Defender,Wolves,Portugal,22,,
567,Lewis Richards,Defender,Wolves,England,18,,
568,Rúben Neves,Midfielder,Wolves,Portugal,22,180cm,72kg
569,Morgan Gibbs-White,Midfielder,Wolves,England,19,171cm,
570,Romain Saïss,Midfielder,Wolves,Morocco,29,190cm,80kg
571,João Moutinho,Midfielder,Wolves,Portugal,33,170cm,61kg
572,Leander Dendoncker,Midfielder,Wolves,Belgium,24,188cm,76kg
573,Bruno Jordao,Midfielder,Wolves,Portugal,21,180cm,73kg
574,Taylor Perry,Midfielder,Wolves,England,18,,
575,Meritan Shabani,Midfielder,Wolves,Germany,20,185cm,78kg
576,Luke Cundle,Midfielder,Wolves,England,17,,
577,Terry Taylor,Midfielder,Wolves,Wales,18,,
578,Diogo Jota,Forward,Wolves,Portugal,22,178cm,70kg
579,Adama Traoré,Forward,Wolves,Spain,23,178cm,72kg
580,Raúl Jiménez,Forward,Wolves,Mexico,28,190cm,76kg
581,Patrick Cutrone,Forward,Wolves,Italy,21,183cm,75kg
582,Pedro Neto,Forward,Wolves,Portugal,19,172cm,69kg
583,Benny Ashley-Seal,Forward,Wolves,England,21,,
584,Austin Samuels,Forward,Wolves,England,19,,
585,Chem Campbell,Forward,Wolves,Wales,16,,
